Incident_ID,Country,Year,Total_Incidents,Deaths,Injuries,Lives_Saved,Economic_Loss_MillionUSD,Firefighter_Injuries,Response_Time_Minutes,Urban_or_Rural,Cause
INC1000,Japan,2015,3512,264,797,650,295.87,9,31.4,Urban,Arson
INC1001,South Africa,2001,1602,72,946,143,230.21,4,22.8,Rural,Wildfire
INC1002,India,2007,4753,220,378,311,155.22,74,34.3,Urban,Wildfire
INC1003,Japan,2002,3580,243,547,57,37.7,92,9.4,Rural,Industrial Accident
INC1004,Russia,2018,3765,178,152,61,300.23,80,42.6,Urban,Industrial Accident
INC1005,Japan,2020,4399,487,688,158,288.3,46,16.7,Urban,Negligence
INC1006,UK,2014,3588,31,889,739,219.52,26,11.2,Rural,Electrical Fault
INC1007,Russia,2024,2158,204,821,308,309.54,61,30.0,Urban,Electrical Fault
INC1008,USA,2005,3235,493,969,331,197.42,66,37.1,Rural,Negligence
INC1009,Australia,2023,591,163,120,69,210.15,93,27.9,Rural,Wildfire
INC1010,India,2010,606,407,513,36,479.86,23,3.6,Urban,Electrical Fault
INC1011,USA,2010,1105,36,30,17,3.83,59,30.7,Urban,Electrical Fault
INC1012,Australia,2014,173,460,826,761,326.73,47,50.8,Rural,Wildfire
INC1013,Australia,2002,4989,457,206,797,331.53,63,26.3,Rural,Negligence
INC1014,Australia,2018,1512,354,894,328,457.62,9,3.4,Urban,Wildfire
INC1015,South Africa,2001,2036,132,514,411,0.52,50,53.5,Urban,Wildfire
INC1016,UK,2003,4482,43,495,510,195.23,97,29.3,Urban,Wildfire
INC1017,Japan,2015,3980,86,578,327,460.12,11,49.4,Rural,Wildfire
INC1018,Canada,2011,4239,476,157,61,84.77,83,57.5,Urban,Electrical Fault
INC1019,Japan,2014,967,270,740,478,489.8,22,45.7,Urban,Industrial Accident
INC1020,India,2007,2145,291,778,799,413.73,99,55.6,Urban,Industrial Accident
INC1021,Australia,2007,3719,41,800,656,155.72,95,14.1,Urban,Industrial Accident
INC1022,Australia,2014,1312,319,249,230,174.15,90,27.1,Rural,Electrical Fault
INC1023,Australia,2013,3110,216,913,595,431.94,20,59.9,Urban,Arson
INC1024,Japan,2022,2260,250,791,240,142.55,36,19.1,Rural,Electrical Fault
INC1025,Brazil,2009,4418,260,943,787,264.0,96,32.3,Rural,Industrial Accident
INC1026,Brazil,2024,939,241,401,249,190.03,26,27.3,Urban,Negligence
INC1027,Brazil,2002,689,443,395,781,264.99,93,32.5,Rural,Negligence
INC1028,Russia,2006,588,86,598,776,361.24,99,3.9,Urban,Arson
INC1029,Germany,2015,2066,143,680,500,307.77,65,52.7,Rural,Arson
INC1030,Australia,2021,3623,487,610,158,488.32,82,55.6,Urban,Negligence
INC1031,India,2005,1665,406,217,482,162.05,57,34.2,Urban,Wildfire
INC1032,USA,2000,4543,357,485,697,276.53,88,5.3,Urban,Industrial Accident
INC1033,South Africa,2015,620,490,755,229,216.57,62,5.0,Urban,Negligence
INC1034,India,2002,2908,267,221,264,212.37,78,37.1,Urban,Industrial Accident
INC1035,UK,2007,2258,187,933,288,47.91,31,48.9,Rural,Arson
INC1036,Germany,2001,3720,308,361,708,459.89,5,51.9,Rural,Industrial Accident
INC1037,Russia,2008,3870,274,578,226,418.43,71,57.6,Rural,Wildfire
INC1038,Canada,2017,2004,313,278,239,58.83,28,36.1,Rural,Negligence
INC1039,Canada,2024,2038,360,444,22,37.49,7,5.2,Urban,Arson
INC1040,South Africa,2019,3485,322,415,594,117.24,36,26.0,Urban,Wildfire
INC1041,India,2018,248,29,491,749,475.11,20,59.2,Urban,Arson
INC1042,South Africa,2015,3154,285,141,719,190.77,11,14.5,Urban,Negligence
INC1043,Germany,2008,3882,479,739,492,387.35,87,12.9,Rural,Negligence
INC1044,South Africa,2016,4919,290,195,127,209.13,71,17.7,Urban,Electrical Fault
INC1045,Russia,2012,2936,469,380,456,223.41,23,48.4,Rural,Negligence
INC1046,Russia,2024,475,413,219,260,311.46,75,22.0,Urban,Industrial Accident
INC1047,Canada,2010,2824,376,354,648,125.57,5,11.9,Urban,Negligence
INC1048,USA,2018,4370,500,35,48,358.54,53,40.1,Urban,Wildfire
INC1049,Russia,2024,4551,43,6,21,497.57,27,34.9,Rural,Wildfire
INC1050,Japan,2022,4290,434,262,776,448.64,57,41.5,Urban,Electrical Fault
INC1051,USA,2020,4031,289,678,754,255.51,56,44.1,Rural,Wildfire
INC1052,Brazil,2015,3724,355,993,125,359.16,68,10.3,Rural,Industrial Accident
INC1053,Canada,2006,1149,64,136,283,398.13,34,53.1,Urban,Industrial Accident
INC1054,Canada,2016,687,401,195,619,99.72,89,50.2,Rural,Arson
INC1055,South Africa,2024,4689,451,125,634,210.25,7,25.4,Urban,Negligence
INC1056,Canada,2009,4994,487,257,429,214.19,19,10.5,Rural,Negligence
INC1057,Japan,2000,4487,11,653,735,31.37,31,4.6,Rural,Electrical Fault
INC1058,India,2013,4185,31,112,14,296.18,0,18.7,Urban,Negligence
INC1059,South Africa,2014,4096,140,106,468,265.51,57,3.9,Urban,Electrical Fault
INC1060,Australia,2007,4078,204,763,239,346.98,58,51.6,Urban,Negligence
INC1061,Australia,2023,2102,208,163,800,259.51,96,51.2,Urban,Arson
INC1062,USA,2016,2249,166,266,107,125.5,2,17.6,Rural,Wildfire
INC1063,Germany,2022,4284,464,241,610,292.53,6,46.2,Urban,Electrical Fault
INC1064,Japan,2021,984,8,231,314,25.27,74,52.3,Urban,Arson
INC1065,India,2016,4204,77,989,742,370.12,35,32.5,Urban,Arson
INC1066,South Africa,2005,4125,339,953,715,188.55,16,17.0,Rural,Negligence
INC1067,Australia,2004,1206,179,499,695,194.01,30,4.2,Rural,Negligence
INC1068,India,2004,1454,50,50,741,250.94,4,25.9,Urban,Wildfire
INC1069,Germany,2015,1686,120,775,403,471.75,53,30.8,Urban,Negligence
INC1070,Germany,2019,3717,289,155,165,310.04,75,16.3,Urban,Arson
INC1071,Australia,2024,4435,408,203,194,340.93,79,25.8,Rural,Negligence
INC1072,USA,2001,2289,194,509,347,223.16,94,35.5,Rural,Industrial Accident
INC1073,Russia,2009,1878,126,614,401,404.06,59,14.9,Urban,Electrical Fault
INC1074,Australia,2006,3118,387,84,378,311.88,57,54.1,Urban,Industrial Accident
INC1075,India,2006,4476,151,923,632,350.65,57,2.1,Rural,Industrial Accident
INC1076,Russia,2011,3326,221,622,345,450.75,45,49.4,Urban,Wildfire
INC1077,UK,2013,676,91,71,218,10.8,18,51.2,Rural,Wildfire
INC1078,South Africa,2023,3096,14,939,539,351.77,87,8.2,Rural,Electrical Fault
INC1079,South Africa,2013,887,183,339,240,193.47,97,31.8,Urban,Negligence
INC1080,Brazil,2006,935,321,574,738,245.68,43,46.2,Rural,Industrial Accident
INC1081,Germany,2010,4623,124,667,754,117.6,45,4.2,Rural,Industrial Accident
INC1082,UK,2017,3452,265,471,741,106.79,88,6.9,Rural,Negligence
INC1083,USA,2008,341,330,924,637,396.35,72,11.1,Urban,Industrial Accident
INC1084,South Africa,2006,1528,264,834,580,130.12,90,31.0,Rural,Wildfire
INC1085,Brazil,2022,1211,176,402,665,288.05,40,35.6,Rural,Wildfire
INC1086,Canada,2006,463,56,506,56,249.58,96,21.5,Urban,Arson
INC1087,USA,2022,1868,482,313,673,114.62,89,8.9,Urban,Wildfire
INC1088,Russia,2020,594,284,594,787,199.23,18,58.6,Urban,Arson
INC1089,Germany,2017,914,370,266,474,319.09,81,59.2,Urban,Arson
INC1090,Brazil,2002,2826,256,313,323,211.87,0,15.0,Urban,Industrial Accident
INC1091,Germany,2017,2202,181,808,583,325.79,14,11.6,Urban,Electrical Fault
INC1092,Japan,2015,1253,119,927,347,292.35,62,15.3,Rural,Industrial Accident
INC1093,UK,2009,2729,395,757,143,70.74,70,58.1,Urban,Wildfire
INC1094,India,2005,1996,149,431,675,412.63,39,26.4,Urban,Arson
INC1095,Japan,2009,605,272,349,701,438.15,82,30.3,Rural,Industrial Accident
INC1096,Canada,2017,181,73,475,45,363.68,72,41.4,Urban,Industrial Accident
INC1097,Japan,2002,4195,139,910,353,335.7,74,34.5,Rural,Industrial Accident
INC1098,Brazil,2008,749,433,967,475,323.18,78,11.6,Urban,Arson
INC1099,South Africa,2022,1334,389,718,219,469.19,97,31.4,Rural,Negligence
INC1100,USA,2019,1805,23,203,573,469.07,37,10.0,Urban,Electrical Fault
INC1101,USA,2006,2341,449,784,200,397.02,3,20.2,Urban,Arson
INC1102,UK,2012,400,42,280,706,364.99,14,14.1,Rural,Negligence
INC1103,Russia,2015,4139,212,532,187,474.49,85,48.6,Rural,Arson
INC1104,Canada,2020,675,16,903,501,435.94,83,10.1,Rural,Industrial Accident
INC1105,USA,2001,4049,373,900,531,59.77,46,43.6,Rural,Negligence
INC1106,Canada,2005,2245,156,623,89,439.64,2,4.6,Urban,Arson
INC1107,India,2007,4935,113,617,746,499.7,12,57.7,Urban,Wildfire
INC1108,South Africa,2019,1639,43,185,343,271.64,10,43.9,Urban,Electrical Fault
INC1109,USA,2017,635,203,586,367,233.33,57,14.7,Urban,Wildfire
INC1110,India,2001,2347,284,838,455,402.54,26,44.6,Rural,Electrical Fault
INC1111,UK,2001,3604,12,857,210,366.72,68,15.1,Rural,Negligence
INC1112,USA,2020,175,229,185,722,310.78,81,30.1,Urban,Industrial Accident
INC1113,Australia,2001,1824,50,746,357,112.26,55,35.6,Rural,Electrical Fault
INC1114,India,2008,243,181,426,433,386.63,23,54.7,Rural,Wildfire
INC1115,Japan,2000,1864,257,339,509,133.25,66,18.4,Rural,Industrial Accident
INC1116,India,2010,1340,342,379,271,262.23,58,36.6,Rural,Industrial Accident
INC1117,South Africa,2015,4357,288,507,587,64.03,30,36.9,Rural,Wildfire
INC1118,Germany,2012,2231,408,798,551,423.75,92,16.9,Rural,Arson
INC1119,USA,2014,2949,420,273,123,125.02,54,36.2,Urban,Negligence
INC1120,Russia,2007,2170,399,106,262,298.86,17,51.5,Rural,Arson
INC1121,USA,2022,1747,68,836,589,27.13,11,54.9,Rural,Wildfire
INC1122,USA,2022,3760,484,919,510,283.13,23,4.2,Urban,Electrical Fault
INC1123,Brazil,2020,2975,310,921,77,231.93,16,16.8,Rural,Negligence
INC1124,Brazil,2013,3915,484,141,414,421.08,73,25.6,Rural,Industrial Accident
INC1125,UK,2016,624,255,854,493,346.94,42,23.3,Urban,Wildfire
INC1126,USA,2002,1497,313,982,111,341.44,39,28.5,Urban,Negligence
INC1127,USA,2008,514,175,557,585,176.53,14,3.4,Urban,Industrial Accident
INC1128,South Africa,2018,1311,401,826,692,184.65,62,10.1,Rural,Electrical Fault
INC1129,Japan,2014,1269,161,733,522,193.99,41,25.3,Urban,Industrial Accident
INC1130,Canada,2011,393,351,683,711,118.7,7,7.0,Rural,Negligence
INC1131,Australia,2014,233,312,313,445,452.83,32,3.4,Urban,Wildfire
INC1132,Australia,2023,2210,472,364,37,151.19,2,8.7,Rural,Arson
INC1133,Germany,2017,3380,130,784,97,333.53,12,45.2,Urban,Arson
INC1134,South Africa,2015,4351,35,697,654,324.17,7,48.9,Rural,Industrial Accident
INC1135,India,2005,1090,214,113,225,55.62,84,4.3,Rural,Arson
INC1136,Germany,2014,179,26,368,2,493.24,43,32.7,Rural,Arson
INC1137,Brazil,2007,4605,32,929,660,183.3,85,41.9,Rural,Negligence
INC1138,Russia,2008,1647,411,337,414,320.09,16,11.2,Rural,Wildfire
INC1139,USA,2003,338,378,522,102,415.61,46,49.7,Urban,Electrical Fault
INC1140,South Africa,2000,495,496,130,613,205.57,43,58.8,Urban,Wildfire
INC1141,Brazil,2019,3898,333,615,418,429.45,38,29.8,Rural,Industrial Accident
INC1142,Germany,2012,3536,255,295,266,291.25,68,5.6,Rural,Wildfire
INC1143,South Africa,2012,1593,211,913,790,435.74,39,27.8,Urban,Negligence
INC1144,India,2013,487,131,970,690,212.5,83,57.7,Rural,Industrial Accident
INC1145,India,2003,234,129,630,786,272.76,42,21.0,Urban,Arson
INC1146,India,2009,4996,31,543,434,328.78,26,57.9,Urban,Arson
INC1147,South Africa,2020,2818,202,729,647,308.66,69,19.8,Urban,Negligence
INC1148,Germany,2014,2642,409,505,230,391.3,10,29.7,Urban,Negligence
INC1149,Germany,2008,907,80,501,553,471.56,54,41.3,Urban,Arson
INC1150,South Africa,2024,2436,150,684,394,417.79,15,52.8,Rural,Industrial Accident
INC1151,Russia,2010,825,204,591,547,240.15,100,46.6,Urban,Industrial Accident
INC1152,Canada,2019,4066,155,867,264,143.15,48,2.1,Rural,Industrial Accident
INC1153,USA,2015,3295,438,90,492,56.5,45,22.4,Rural,Negligence
INC1154,UK,2022,4126,75,640,369,397.24,100,6.8,Urban,Electrical Fault
INC1155,South Africa,2014,1381,112,488,475,350.1,10,37.7,Rural,Arson
INC1156,South Africa,2006,897,26,702,257,13.09,59,47.7,Rural,Negligence
INC1157,Japan,2017,4454,147,832,53,99.6,84,22.8,Rural,Industrial Accident
INC1158,Germany,2009,822,422,650,81,55.72,90,31.0,Urban,Negligence
INC1159,Germany,2012,3887,223,719,188,404.49,97,4.8,Rural,Electrical Fault
INC1160,Australia,2016,3550,176,451,338,142.83,29,27.2,Urban,Negligence
INC1161,India,2008,3641,192,612,660,47.92,63,25.2,Urban,Wildfire
INC1162,Australia,2004,1124,431,211,711,265.8,43,28.6,Rural,Arson
INC1163,Russia,2024,678,412,350,500,87.71,25,11.4,Rural,Wildfire
INC1164,Canada,2022,3357,106,651,338,12.96,7,12.8,Urban,Negligence
INC1165,Brazil,2019,3686,455,278,392,155.07,38,35.4,Urban,Wildfire
INC1166,Japan,2017,499,480,138,132,448.25,89,27.7,Rural,Wildfire
INC1167,Canada,2023,953,77,262,501,283.91,95,44.2,Urban,Arson
INC1168,UK,2021,2713,240,378,733,38.82,49,48.0,Urban,Electrical Fault
INC1169,Australia,2021,4735,142,577,547,468.25,62,28.0,Urban,Wildfire
INC1170,Canada,2000,1239,118,628,22,350.32,9,19.1,Urban,Electrical Fault
INC1171,USA,2006,623,79,194,321,295.46,11,43.5,Urban,Industrial Accident
INC1172,Australia,2014,1620,24,295,18,357.44,8,4.5,Rural,Industrial Accident
INC1173,Germany,2009,228,27,724,654,158.18,99,45.6,Urban,Electrical Fault
INC1174,Canada,2015,2608,127,865,370,377.61,57,54.2,Rural,Arson
INC1175,Russia,2009,2535,23,272,630,322.02,55,29.5,Urban,Arson
INC1176,Germany,2015,1374,443,89,192,58.87,25,12.4,Rural,Arson
INC1177,Australia,2000,3733,366,543,38,135.25,87,53.9,Urban,Wildfire
INC1178,UK,2002,4053,99,590,383,224.1,2,12.9,Rural,Industrial Accident
INC1179,South Africa,2005,2516,57,872,46,171.18,23,11.5,Urban,Negligence
INC1180,Brazil,2000,448,217,486,128,453.57,30,43.4,Urban,Electrical Fault
INC1181,Australia,2012,839,245,811,384,135.23,9,53.0,Rural,Industrial Accident
INC1182,Brazil,2016,3044,125,560,76,437.73,15,36.1,Rural,Electrical Fault
INC1183,Australia,2013,4547,235,169,185,53.46,99,34.3,Rural,Negligence
INC1184,Canada,2009,716,363,274,551,296.86,99,17.6,Urban,Arson
INC1185,Australia,2002,3776,158,330,73,226.71,61,59.0,Urban,Arson
INC1186,USA,2012,3150,290,291,393,349.74,50,29.4,Rural,Electrical Fault
INC1187,Japan,2013,3521,76,455,326,491.82,74,13.4,Urban,Negligence
INC1188,South Africa,2019,3471,38,107,352,349.13,20,59.4,Urban,Wildfire
INC1189,Germany,2000,1162,228,281,360,288.21,15,26.8,Rural,Wildfire
INC1190,Russia,2017,238,220,779,227,473.26,4,58.4,Rural,Arson
INC1191,UK,2019,1981,35,965,704,408.68,3,47.9,Rural,Negligence
INC1192,India,2010,4879,383,280,14,101.08,27,47.2,Rural,Negligence
INC1193,Australia,2016,2589,483,414,297,226.27,5,47.7,Urban,Arson
INC1194,USA,2014,3641,206,915,612,282.63,96,4.3,Rural,Negligence
INC1195,Germany,2007,3777,409,623,332,94.86,100,36.3,Urban,Negligence
INC1196,Russia,2014,4178,96,672,106,181.03,65,23.4,Urban,Electrical Fault
INC1197,Germany,2018,4709,149,69,185,412.02,27,15.6,Rural,Industrial Accident
INC1198,Germany,2019,2314,444,944,2,391.44,15,56.5,Rural,Wildfire
INC1199,South Africa,2010,4630,38,387,503,201.73,62,5.8,Urban,Wildfire
INC1200,South Africa,2010,1002,45,188,734,275.52,22,40.3,Urban,Electrical Fault
INC1201,Japan,2000,726,228,865,185,433.6,56,17.5,Rural,Negligence
INC1202,South Africa,2023,927,177,915,601,404.74,16,35.4,Urban,Electrical Fault
INC1203,Australia,2020,3134,447,562,356,195.88,69,6.1,Urban,Negligence
INC1204,Russia,2000,2912,196,684,477,7.41,49,50.4,Urban,Negligence
INC1205,Germany,2024,2966,384,925,634,241.81,38,6.6,Urban,Negligence
INC1206,Australia,2023,1181,336,506,115,184.32,79,2.2,Rural,Negligence
INC1207,USA,2007,3395,170,479,138,239.68,44,14.7,Urban,Industrial Accident
INC1208,India,2001,533,55,277,561,67.13,40,35.7,Urban,Wildfire
INC1209,Brazil,2023,374,72,539,250,120.2,97,14.3,Urban,Wildfire
INC1210,Australia,2024,1358,447,80,79,431.11,6,6.9,Rural,Wildfire
INC1211,Australia,2008,4648,90,509,207,144.14,43,43.6,Urban,Wildfire
INC1212,India,2012,1297,487,768,78,288.36,70,33.9,Urban,Electrical Fault
INC1213,Canada,2021,1663,336,953,594,226.21,61,40.5,Urban,Arson
INC1214,Australia,2003,4477,299,786,319,263.83,29,23.1,Urban,Arson
INC1215,Germany,2022,164,406,364,707,161.46,80,9.0,Urban,Wildfire
INC1216,Japan,2019,525,472,915,547,296.4,31,42.8,Rural,Electrical Fault
INC1217,USA,2008,1697,108,460,299,226.27,8,35.6,Rural,Negligence
INC1218,Russia,2009,4694,178,287,296,372.21,34,23.4,Urban,Wildfire
INC1219,Canada,2012,4131,234,986,359,333.61,13,43.1,Urban,Industrial Accident
INC1220,UK,2001,584,292,361,53,408.29,84,32.0,Urban,Negligence
INC1221,UK,2017,1490,33,480,626,157.25,32,17.5,Urban,Negligence
INC1222,Brazil,2008,2445,334,742,680,383.02,21,7.2,Urban,Electrical Fault
INC1223,UK,2022,1086,291,912,596,168.0,53,12.3,Rural,Electrical Fault
INC1224,Brazil,2003,1276,275,167,381,427.43,15,38.2,Urban,Negligence
INC1225,USA,2009,1166,288,973,113,162.0,97,54.9,Urban,Industrial Accident
INC1226,Russia,2017,2365,14,166,347,381.52,52,26.0,Urban,Negligence
INC1227,South Africa,2022,962,152,959,668,266.93,35,10.8,Urban,Arson
INC1228,Germany,2021,816,391,101,14,325.26,27,30.2,Urban,Wildfire
INC1229,South Africa,2003,188,43,342,17,132.08,4,8.7,Rural,Arson
INC1230,Brazil,2017,1500,451,374,153,244.52,99,42.5,Rural,Arson
INC1231,India,2020,3439,381,699,719,186.51,71,25.0,Rural,Arson
INC1232,Russia,2015,2509,89,522,426,119.6,35,3.8,Rural,Wildfire
INC1233,India,2003,2889,384,458,404,324.43,79,13.9,Urban,Industrial Accident
INC1234,Russia,2009,2849,421,648,576,286.16,0,9.6,Rural,Arson
INC1235,Australia,2004,4058,396,398,528,389.38,52,45.1,Urban,Arson
INC1236,Japan,2009,3251,257,277,773,228.97,1,24.8,Rural,Wildfire
INC1237,South Africa,2007,2043,311,905,586,394.15,24,24.0,Rural,Electrical Fault
INC1238,South Africa,2021,4541,0,392,647,499.23,56,9.1,Urban,Industrial Accident
INC1239,Brazil,2022,4293,286,331,43,390.55,9,2.6,Urban,Negligence
INC1240,Germany,2011,283,215,742,369,29.91,50,16.2,Urban,Negligence
INC1241,South Africa,2012,3362,244,129,555,475.84,94,51.8,Rural,Electrical Fault
INC1242,Germany,2010,818,269,4,225,239.96,28,48.2,Urban,Industrial Accident
INC1243,Japan,2010,1945,340,975,577,198.08,44,50.0,Urban,Wildfire
INC1244,UK,2003,1918,95,244,362,235.14,14,12.2,Urban,Negligence
INC1245,Russia,2000,4971,374,798,611,107.24,93,18.4,Rural,Wildfire
INC1246,Australia,2014,1016,205,343,109,195.28,55,44.5,Urban,Negligence
INC1247,Canada,2000,2733,123,262,178,46.7,31,35.9,Urban,Negligence
INC1248,Japan,2023,1956,39,834,415,300.1,33,40.8,Urban,Industrial Accident
INC1249,USA,2018,649,59,359,785,391.3,20,43.7,Rural,Industrial Accident
INC1250,UK,2003,575,132,988,430,111.65,80,9.4,Urban,Industrial Accident
INC1251,South Africa,2024,750,163,118,793,181.16,73,41.5,Rural,Electrical Fault
INC1252,USA,2023,4466,120,795,635,469.66,42,42.6,Urban,Industrial Accident
INC1253,USA,2016,4539,107,295,520,280.92,95,52.7,Rural,Industrial Accident
INC1254,USA,2008,2729,477,311,747,293.74,35,44.6,Urban,Industrial Accident
INC1255,India,2016,2009,114,952,142,309.02,43,17.8,Rural,Negligence
INC1256,India,2012,652,92,739,385,236.47,34,54.9,Rural,Electrical Fault
INC1257,UK,2015,3567,380,808,149,229.42,53,14.8,Urban,Electrical Fault
INC1258,Russia,2022,3435,143,280,333,325.77,50,54.6,Urban,Industrial Accident
INC1259,Canada,2000,3732,336,415,702,244.02,41,3.0,Rural,Industrial Accident
INC1260,Germany,2006,1067,370,716,748,361.06,28,53.1,Urban,Wildfire
INC1261,Canada,2022,4262,367,61,616,331.53,72,27.5,Urban,Industrial Accident
INC1262,USA,2010,936,456,262,32,131.57,98,25.7,Urban,Arson
INC1263,Brazil,2017,4833,260,745,232,255.24,6,39.2,Urban,Wildfire
INC1264,India,2014,4469,322,931,72,11.1,18,18.9,Urban,Industrial Accident
INC1265,Russia,2000,4114,130,444,301,360.72,83,27.1,Urban,Negligence
INC1266,Canada,2009,3839,32,721,89,186.84,42,56.4,Rural,Wildfire
INC1267,Canada,2014,468,430,976,416,160.69,84,16.8,Rural,Negligence
INC1268,Canada,2023,687,471,956,122,136.2,53,7.0,Rural,Arson
INC1269,Australia,2020,3822,55,648,119,242.89,42,13.1,Urban,Wildfire
INC1270,Canada,2012,4433,494,832,78,441.55,69,33.7,Rural,Arson
INC1271,India,2016,2018,167,495,167,441.73,67,5.6,Rural,Electrical Fault
INC1272,Japan,2006,3071,446,609,340,127.43,78,36.7,Rural,Industrial Accident
INC1273,Germany,2011,4041,227,186,226,335.41,93,18.6,Rural,Arson
INC1274,Canada,2018,2527,407,141,0,439.89,65,36.2,Urban,Arson
INC1275,Brazil,2009,4277,278,506,320,106.69,21,45.2,Rural,Negligence
INC1276,South Africa,2013,2889,367,785,664,201.73,46,21.4,Rural,Arson
INC1277,UK,2013,3586,19,878,524,57.82,1,58.2,Urban,Negligence
INC1278,Brazil,2008,705,263,643,704,230.07,0,28.8,Rural,Wildfire
INC1279,South Africa,2012,4261,74,187,316,159.89,7,27.4,Rural,Negligence
INC1280,Canada,2011,3185,12,107,165,163.52,17,42.2,Urban,Wildfire
INC1281,Russia,2003,955,11,465,233,45.22,2,16.8,Rural,Arson
INC1282,Brazil,2014,3866,61,625,509,132.26,76,28.7,Rural,Negligence
INC1283,South Africa,2010,4429,363,604,427,104.04,87,46.2,Urban,Electrical Fault
INC1284,Germany,2010,3663,337,602,572,208.96,48,38.6,Rural,Arson
INC1285,Russia,2003,3641,383,995,198,22.05,50,30.4,Urban,Industrial Accident
INC1286,Russia,2007,2990,391,743,331,341.35,46,22.5,Rural,Electrical Fault
INC1287,Russia,2000,3518,458,573,5,255.72,88,3.2,Rural,Negligence
INC1288,Brazil,2013,1385,143,678,252,101.6,69,32.0,Urban,Industrial Accident
INC1289,India,2012,1373,408,184,675,252.22,88,25.0,Rural,Arson
INC1290,Russia,2010,1375,266,359,768,139.79,65,30.6,Urban,Wildfire
INC1291,Germany,2017,2913,394,318,291,41.37,78,46.7,Rural,Electrical Fault
INC1292,Russia,2006,3125,375,279,502,251.91,24,58.0,Urban,Industrial Accident
INC1293,USA,2001,385,449,944,343,258.9,2,13.7,Urban,Electrical Fault
INC1294,South Africa,2015,4659,182,86,205,231.0,19,52.4,Urban,Wildfire
INC1295,South Africa,2003,90,92,954,88,45.27,50,47.1,Urban,Wildfire
INC1296,South Africa,2020,2149,395,385,361,296.12,71,42.2,Urban,Electrical Fault
INC1297,Russia,2024,4816,264,995,627,430.87,59,10.7,Urban,Wildfire
INC1298,Australia,2004,2351,412,151,14,381.48,99,25.4,Urban,Arson
INC1299,South Africa,2023,3795,307,330,333,231.57,87,3.9,Urban,Industrial Accident
INC1300,Australia,2000,4850,250,480,267,240.81,17,14.4,Urban,Arson
INC1301,Brazil,2012,4597,256,112,393,124.52,0,2.4,Rural,Negligence
INC1302,Germany,2020,2860,222,544,87,473.41,98,15.3,Urban,Negligence
INC1303,Russia,2011,1038,213,91,306,12.22,52,37.3,Rural,Wildfire
INC1304,Brazil,2019,2326,389,574,531,174.94,94,46.2,Rural,Wildfire
INC1305,Russia,2015,98,364,187,322,240.98,17,43.6,Urban,Negligence
INC1306,South Africa,2015,3897,16,843,217,422.35,84,33.0,Urban,Negligence
INC1307,USA,2004,3948,289,493,497,497.32,69,38.6,Rural,Industrial Accident
INC1308,Germany,2021,1111,357,234,132,26.79,39,19.5,Rural,Negligence
INC1309,Germany,2014,4135,188,616,75,492.71,58,52.9,Urban,Electrical Fault
INC1310,USA,2003,3421,244,500,167,419.0,85,26.5,Urban,Electrical Fault
INC1311,Japan,2004,4316,500,849,19,333.55,9,30.5,Urban,Negligence
INC1312,Brazil,2019,3750,220,769,636,67.12,12,23.7,Rural,Negligence
INC1313,Japan,2011,2469,398,335,644,95.3,25,44.9,Urban,Wildfire
INC1314,Germany,2007,4575,146,910,254,458.8,1,47.4,Urban,Industrial Accident
INC1315,USA,2014,3286,258,537,417,386.55,94,35.8,Rural,Arson
INC1316,USA,2024,4771,34,199,319,154.14,82,32.0,Urban,Electrical Fault
INC1317,Australia,2016,4684,480,466,584,206.03,62,3.6,Urban,Arson
INC1318,USA,2006,4398,181,886,655,323.35,48,29.5,Urban,Electrical Fault
INC1319,Russia,2004,4568,382,116,175,311.93,60,27.4,Urban,Industrial Accident
INC1320,UK,2007,2874,153,970,316,155.55,82,7.2,Rural,Negligence
INC1321,Japan,2002,827,121,520,619,365.36,13,18.5,Rural,Electrical Fault
INC1322,South Africa,2020,4128,411,751,236,182.41,92,10.2,Urban,Industrial Accident
INC1323,Australia,2020,3771,471,888,571,286.15,41,4.3,Rural,Arson
INC1324,Brazil,2023,3027,202,187,330,418.78,62,56.4,Rural,Arson
INC1325,South Africa,2013,3719,381,420,776,316.28,94,29.0,Urban,Negligence
INC1326,India,2019,2757,487,368,447,304.97,23,25.6,Rural,Industrial Accident
INC1327,UK,2009,4033,239,326,623,329.77,77,4.6,Urban,Negligence
INC1328,Japan,2023,3868,207,267,345,49.52,25,44.6,Urban,Negligence
INC1329,USA,2014,229,34,507,504,483.99,35,40.5,Rural,Arson
INC1330,Brazil,2023,4108,58,948,639,361.27,68,9.3,Urban,Arson
INC1331,Brazil,2016,1443,495,271,694,211.69,87,56.8,Rural,Arson
INC1332,Canada,2005,1967,482,716,497,346.79,45,48.2,Rural,Arson
INC1333,Canada,2008,4570,146,273,347,40.09,90,45.9,Urban,Arson
INC1334,Russia,2009,479,355,483,319,315.89,47,39.8,Urban,Negligence
INC1335,Germany,2018,1493,56,652,577,394.47,66,12.1,Rural,Industrial Accident
INC1336,Australia,2017,4135,88,606,699,237.23,17,48.0,Urban,Negligence
INC1337,UK,2013,2704,230,347,786,268.1,23,57.6,Urban,Wildfire
INC1338,Canada,2000,4317,110,918,788,36.53,82,16.6,Rural,Wildfire
INC1339,UK,2014,2983,254,943,749,490.22,55,59.4,Rural,Arson
INC1340,Canada,2008,2549,388,302,169,83.37,77,55.5,Urban,Arson
INC1341,Australia,2018,2322,347,622,253,231.73,41,42.8,Rural,Wildfire
INC1342,Brazil,2018,3885,381,361,546,434.7,91,3.8,Rural,Industrial Accident
INC1343,India,2017,1396,248,283,790,359.32,51,31.4,Urban,Electrical Fault
INC1344,UK,2003,1555,376,416,293,484.07,62,22.3,Urban,Arson
INC1345,Australia,2017,564,203,939,610,460.08,56,21.5,Rural,Arson
INC1346,Japan,2008,1496,9,627,230,484.51,98,29.5,Urban,Negligence
INC1347,Germany,2012,4069,227,820,244,246.68,8,39.4,Urban,Arson
INC1348,Russia,2011,4470,197,268,268,442.08,28,57.0,Urban,Arson
INC1349,Germany,2010,2946,116,776,789,433.0,83,53.7,Urban,Arson
INC1350,Canada,2010,4533,173,549,178,396.93,46,25.7,Urban,Industrial Accident
INC1351,Brazil,2023,2860,278,330,355,425.4,81,15.3,Urban,Industrial Accident
INC1352,Germany,2004,1525,299,549,72,139.92,81,47.9,Urban,Industrial Accident
INC1353,UK,2022,569,196,864,246,227.45,67,26.3,Rural,Negligence
INC1354,South Africa,2010,760,253,90,160,294.81,99,40.3,Urban,Industrial Accident
INC1355,Japan,2014,3543,416,554,87,41.11,24,16.4,Rural,Industrial Accident
INC1356,Japan,2007,2570,192,360,634,452.61,57,58.6,Rural,Electrical Fault
INC1357,Australia,2004,165,1,892,705,12.09,0,36.2,Urban,Electrical Fault
INC1358,India,2022,1652,212,364,569,56.09,37,47.0,Urban,Negligence
INC1359,Japan,2008,1693,383,116,410,339.93,93,20.1,Rural,Electrical Fault
INC1360,USA,2011,788,220,809,128,440.56,2,6.9,Urban,Arson
INC1361,Japan,2017,4474,18,900,660,211.77,92,40.8,Urban,Arson
INC1362,South Africa,2000,4940,123,399,737,238.14,88,16.8,Rural,Wildfire
INC1363,USA,2018,4184,11,91,93,269.49,65,28.7,Rural,Electrical Fault
INC1364,Canada,2014,3365,439,339,746,460.33,92,19.8,Rural,Industrial Accident
INC1365,Canada,2009,4518,226,158,87,287.42,76,45.4,Rural,Industrial Accident
INC1366,South Africa,2008,3245,456,303,32,286.04,59,15.8,Urban,Electrical Fault
INC1367,South Africa,2023,3339,165,557,320,465.15,67,31.4,Rural,Arson
INC1368,South Africa,2009,2253,433,625,262,218.51,5,9.1,Rural,Electrical Fault
INC1369,South Africa,2019,3133,291,410,177,343.21,58,16.9,Rural,Wildfire
INC1370,Brazil,2021,4880,326,193,673,272.98,55,4.6,Rural,Wildfire
INC1371,India,2014,4784,368,733,754,125.39,28,47.3,Rural,Negligence
INC1372,Japan,2015,2211,386,376,32,492.07,15,49.7,Rural,Negligence
INC1373,India,2018,2524,258,716,636,51.0,27,3.3,Rural,Arson
INC1374,Brazil,2015,1239,384,754,371,383.82,17,58.7,Urban,Wildfire
INC1375,Canada,2020,4995,242,380,260,166.71,72,34.4,Rural,Industrial Accident
INC1376,Australia,2000,4595,35,105,69,479.45,27,56.8,Urban,Arson
INC1377,Canada,2009,4769,54,715,774,300.75,9,24.7,Rural,Electrical Fault
INC1378,Japan,2018,3223,484,812,99,261.43,26,19.6,Rural,Negligence
INC1379,Brazil,2000,1923,236,597,726,184.89,72,18.1,Rural,Wildfire
INC1380,Australia,2017,3086,277,591,105,31.56,90,53.9,Urban,Industrial Accident
INC1381,South Africa,2009,2512,141,548,464,310.37,56,52.8,Rural,Arson
INC1382,India,2008,905,109,841,688,125.99,57,17.1,Urban,Electrical Fault
INC1383,India,2007,84,209,926,723,366.49,35,53.3,Rural,Industrial Accident
INC1384,Australia,2021,605,134,356,556,290.2,63,40.2,Rural,Negligence
INC1385,Germany,2018,4622,132,705,456,491.84,6,49.2,Urban,Industrial Accident
INC1386,Canada,2005,4119,215,400,591,29.6,74,2.7,Rural,Wildfire
INC1387,UK,2018,4424,18,525,362,312.92,2,22.3,Rural,Industrial Accident
INC1388,Brazil,2017,1109,199,166,699,215.58,17,29.0,Rural,Wildfire
INC1389,UK,2016,2504,441,461,135,469.76,1,7.4,Urban,Electrical Fault
INC1390,Japan,2018,3668,489,32,373,225.6,95,28.5,Rural,Industrial Accident
INC1391,Australia,2010,3408,397,626,656,432.48,37,22.4,Urban,Wildfire
INC1392,Russia,2009,2970,80,813,660,24.59,100,37.9,Rural,Arson
INC1393,South Africa,2024,1862,240,604,475,89.42,57,10.0,Rural,Negligence
INC1394,India,2005,4853,242,190,513,97.65,21,59.5,Rural,Wildfire
INC1395,Brazil,2007,337,406,43,313,84.87,67,50.4,Urban,Arson
INC1396,India,2001,2503,169,606,369,17.1,95,14.6,Rural,Industrial Accident
INC1397,Australia,2018,1231,420,249,513,148.47,37,25.5,Urban,Arson
INC1398,Germany,2019,1561,419,791,381,81.62,0,13.7,Urban,Wildfire
INC1399,UK,2015,2627,329,80,66,484.28,60,34.7,Urban,Wildfire
INC1400,UK,2011,3714,94,44,158,486.23,27,23.3,Urban,Arson
INC1401,USA,2024,1356,450,638,466,101.03,58,18.7,Rural,Wildfire
INC1402,Brazil,2024,4193,242,722,107,159.55,85,47.2,Rural,Electrical Fault
INC1403,Brazil,2024,1853,400,733,75,214.55,23,21.9,Rural,Wildfire
INC1404,Russia,2005,1373,195,519,146,162.89,53,23.3,Rural,Negligence
INC1405,Brazil,2014,4984,254,956,749,307.66,35,3.5,Urban,Industrial Accident
INC1406,Germany,2003,83,237,523,706,497.68,36,7.5,Urban,Electrical Fault
INC1407,Brazil,2017,910,219,398,479,18.44,25,52.3,Urban,Electrical Fault
INC1408,Russia,2003,3549,334,164,417,270.36,15,58.8,Urban,Wildfire
INC1409,Australia,2008,1930,494,561,33,410.05,71,57.0,Rural,Negligence
INC1410,Japan,2005,206,404,780,495,385.41,71,49.5,Urban,Wildfire
INC1411,USA,2024,3496,186,377,386,229.81,72,28.4,Rural,Wildfire
INC1412,India,2013,932,414,176,134,290.39,60,14.8,Rural,Electrical Fault
INC1413,USA,2015,144,167,395,575,77.09,86,35.4,Urban,Arson
INC1414,Australia,2012,523,391,189,513,243.52,72,28.2,Rural,Industrial Accident
INC1415,Russia,2001,4096,345,773,257,251.55,81,27.5,Rural,Negligence
INC1416,Russia,2020,4051,295,288,394,491.83,54,21.9,Urban,Negligence
INC1417,UK,2023,1269,487,899,605,338.21,41,3.9,Urban,Industrial Accident
INC1418,UK,2012,2482,125,855,780,174.05,2,43.5,Urban,Electrical Fault
INC1419,USA,2019,3064,427,851,369,31.85,79,31.9,Urban,Wildfire
INC1420,India,2015,4494,75,546,403,139.83,19,55.8,Urban,Industrial Accident
INC1421,South Africa,2002,4929,136,210,115,489.57,98,24.4,Urban,Negligence
INC1422,Australia,2008,989,289,791,789,39.57,25,28.3,Urban,Arson
INC1423,Germany,2023,4588,453,369,531,153.81,71,10.5,Urban,Wildfire
INC1424,Australia,2013,1018,73,164,278,405.07,95,39.8,Rural,Industrial Accident
INC1425,South Africa,2017,1644,324,406,327,298.28,60,59.6,Rural,Electrical Fault
INC1426,Canada,2007,1551,90,438,529,403.19,27,17.8,Rural,Electrical Fault
INC1427,Germany,2013,1239,130,861,202,44.99,21,44.6,Rural,Electrical Fault
INC1428,Japan,2001,3173,339,445,512,403.18,94,34.3,Rural,Negligence
INC1429,Russia,2023,2177,469,0,125,399.53,95,48.9,Urban,Wildfire
INC1430,UK,2016,258,40,111,752,174.04,31,38.4,Urban,Electrical Fault
INC1431,Germany,2015,975,188,797,238,168.06,60,50.4,Urban,Arson
INC1432,Australia,2021,3347,220,748,386,182.42,71,23.7,Urban,Wildfire
INC1433,Australia,2001,2876,399,322,65,48.11,44,46.2,Urban,Electrical Fault
INC1434,Australia,2002,519,305,643,563,279.8,40,52.8,Urban,Arson
INC1435,Australia,2021,3422,447,323,749,395.0,71,51.5,Urban,Wildfire
INC1436,USA,2000,1281,311,939,45,30.0,57,47.7,Rural,Arson
INC1437,India,2024,1843,495,674,42,455.24,11,47.5,Urban,Negligence
INC1438,Brazil,2017,697,340,244,232,283.72,92,3.8,Rural,Negligence
INC1439,UK,2019,4993,322,2,418,292.23,50,7.8,Rural,Wildfire
INC1440,Germany,2012,4524,343,125,713,109.25,58,59.9,Urban,Wildfire
INC1441,India,2019,4817,439,128,193,399.19,48,49.2,Rural,Industrial Accident
INC1442,India,2007,2806,174,818,710,378.81,36,28.6,Urban,Negligence
INC1443,USA,2012,412,284,18,181,94.44,58,45.2,Urban,Negligence
INC1444,India,2017,4197,461,541,462,17.36,55,5.8,Urban,Industrial Accident
INC1445,Brazil,2009,2976,140,993,95,102.22,32,50.8,Urban,Industrial Accident
INC1446,South Africa,2010,3102,367,539,763,420.98,91,48.7,Rural,Arson
INC1447,India,2002,3748,123,426,59,305.99,25,53.1,Urban,Negligence
INC1448,USA,2013,3792,93,440,555,87.82,24,7.1,Urban,Industrial Accident
INC1449,Russia,2005,3146,93,864,31,372.12,92,7.6,Urban,Industrial Accident
INC1450,India,2022,1119,151,429,693,76.95,0,20.7,Urban,Industrial Accident
INC1451,Japan,2002,3109,38,300,727,136.26,88,26.3,Rural,Industrial Accident
INC1452,USA,2003,584,261,178,533,435.33,32,44.5,Urban,Wildfire
INC1453,South Africa,2012,3619,312,78,584,4.71,11,14.5,Rural,Industrial Accident
INC1454,India,2014,1447,367,20,148,77.63,19,39.7,Urban,Wildfire
INC1455,Japan,2024,1094,185,795,616,143.63,57,50.0,Urban,Electrical Fault
INC1456,Germany,2016,2904,221,156,755,152.1,84,12.7,Urban,Arson
INC1457,Brazil,2000,897,278,519,187,170.29,73,32.4,Urban,Wildfire
INC1458,South Africa,2011,2038,309,161,430,178.45,24,24.0,Rural,Industrial Accident
INC1459,India,2009,3156,234,476,753,69.37,83,57.5,Rural,Industrial Accident
INC1460,India,2022,343,213,240,703,250.48,17,19.5,Rural,Negligence
INC1461,Japan,2000,710,489,579,505,496.01,69,25.0,Urban,Wildfire
INC1462,Brazil,2000,2731,404,412,15,91.71,10,47.9,Rural,Industrial Accident
INC1463,India,2016,3199,468,56,37,240.32,22,26.6,Urban,Negligence
INC1464,Canada,2012,1628,85,222,213,13.94,71,36.5,Urban,Industrial Accident
INC1465,South Africa,2017,4926,144,495,105,40.4,47,25.0,Rural,Negligence
INC1466,Russia,2022,3326,367,437,661,434.52,46,16.3,Rural,Electrical Fault
INC1467,Russia,2015,2319,436,384,363,324.65,59,18.7,Rural,Arson
INC1468,USA,2008,562,86,49,649,304.31,94,38.1,Rural,Wildfire
INC1469,Japan,2011,2772,220,584,73,405.98,98,40.9,Urban,Arson
INC1470,Russia,2000,1544,94,63,404,204.51,85,16.3,Rural,Arson
INC1471,Japan,2000,950,107,978,555,498.64,38,46.4,Rural,Electrical Fault
INC1472,Canada,2010,869,83,358,114,263.66,94,14.1,Urban,Negligence
INC1473,Russia,2023,2315,173,43,227,268.27,85,59.5,Urban,Arson
INC1474,Japan,2000,4811,119,14,705,165.35,37,41.3,Urban,Wildfire
INC1475,UK,2022,1902,119,379,7,251.66,84,55.3,Urban,Electrical Fault
INC1476,Canada,2008,2088,351,195,729,183.03,79,28.0,Rural,Negligence
INC1477,Canada,2005,3683,38,11,156,451.85,61,58.6,Urban,Negligence
INC1478,Australia,2020,545,322,577,570,410.11,95,47.2,Urban,Electrical Fault
INC1479,Australia,2015,2677,227,904,710,326.53,38,41.7,Rural,Arson
INC1480,Japan,2023,4442,228,219,381,284.16,8,41.2,Rural,Arson
INC1481,Germany,2024,1004,136,928,384,269.33,95,31.1,Rural,Wildfire
INC1482,India,2022,4480,293,366,232,131.03,52,44.5,Rural,Electrical Fault
INC1483,Canada,2000,1436,50,907,375,306.27,33,59.8,Rural,Arson
INC1484,Brazil,2019,4836,222,153,465,348.28,55,55.8,Rural,Wildfire
INC1485,Brazil,2001,970,201,645,777,81.73,98,14.9,Rural,Arson
INC1486,Germany,2014,4279,274,452,136,406.97,35,38.7,Rural,Negligence
INC1487,Japan,2004,2907,26,58,464,176.32,40,48.7,Urban,Industrial Accident
INC1488,USA,2014,266,162,465,173,479.59,6,21.1,Rural,Arson
INC1489,Germany,2006,163,61,183,121,180.37,21,54.3,Urban,Industrial Accident
INC1490,Canada,2005,1563,100,470,195,28.4,69,58.6,Urban,Industrial Accident
INC1491,Japan,2008,3814,63,297,273,499.55,44,57.7,Urban,Arson
INC1492,UK,2007,4198,111,795,531,216.6,10,29.3,Rural,Arson
INC1493,India,2014,3072,328,882,358,232.06,59,49.4,Rural,Negligence
INC1494,Canada,2023,3663,357,154,67,495.28,91,24.5,Urban,Wildfire
INC1495,Australia,2008,702,464,99,575,307.57,81,57.8,Urban,Negligence
INC1496,UK,2000,3086,194,226,188,193.47,63,24.2,Urban,Wildfire
INC1497,Brazil,2018,2150,200,352,17,69.0,70,32.4,Urban,Wildfire
INC1498,Germany,2019,2367,147,246,307,59.09,69,43.9,Urban,Industrial Accident
INC1499,Australia,2023,4268,198,540,698,96.17,27,40.2,Rural,Wildfire
INC1500,Russia,2010,4805,187,709,641,477.24,49,16.1,Urban,Arson
INC1501,India,2013,1731,16,672,17,69.92,0,41.4,Urban,Industrial Accident
INC1502,India,2021,3508,233,908,83,366.37,8,24.4,Rural,Electrical Fault
INC1503,Russia,2003,3490,401,830,796,191.48,72,40.2,Rural,Arson
INC1504,Germany,2014,3015,405,30,399,43.78,19,48.7,Rural,Arson
INC1505,Canada,2001,3419,100,679,451,58.47,21,24.8,Rural,Electrical Fault
INC1506,South Africa,2002,920,181,160,628,76.41,29,3.0,Urban,Electrical Fault
INC1507,Brazil,2002,3734,348,336,293,196.71,44,33.0,Rural,Electrical Fault
INC1508,UK,2006,3629,429,989,217,266.49,37,25.5,Urban,Industrial Accident
INC1509,Russia,2014,3966,405,440,269,82.25,59,7.4,Urban,Arson
INC1510,Japan,2013,2322,144,848,266,60.49,57,38.9,Urban,Arson
INC1511,Canada,2006,3583,452,722,250,422.28,38,3.0,Urban,Arson
INC1512,UK,2024,2301,206,664,500,267.7,14,51.5,Rural,Wildfire
INC1513,Japan,2020,3822,487,530,359,75.32,11,45.3,Rural,Arson
INC1514,Germany,2002,3439,101,539,277,103.8,97,32.2,Rural,Arson
INC1515,USA,2019,941,456,433,277,206.35,57,59.3,Rural,Wildfire
INC1516,India,2024,186,444,367,99,122.49,37,24.5,Rural,Industrial Accident
INC1517,UK,2007,1131,411,63,800,131.91,39,40.7,Urban,Wildfire
INC1518,South Africa,2016,3261,408,945,645,69.83,97,44.9,Rural,Negligence
INC1519,South Africa,2000,4267,61,571,543,249.02,85,2.4,Urban,Electrical Fault
INC1520,USA,2024,4906,358,647,538,80.88,46,19.3,Rural,Electrical Fault
INC1521,UK,2014,410,446,812,371,485.27,27,12.1,Urban,Arson
INC1522,Germany,2000,1997,354,102,303,306.93,87,27.7,Rural,Industrial Accident
INC1523,South Africa,2019,4338,344,478,575,95.94,23,2.8,Rural,Industrial Accident
INC1524,Australia,2001,2882,381,11,535,44.64,60,5.1,Rural,Negligence
INC1525,Canada,2022,1141,350,689,695,67.93,32,26.7,Rural,Industrial Accident
INC1526,UK,2013,251,46,490,158,110.73,12,27.1,Urban,Arson
INC1527,Japan,2018,593,160,269,546,26.43,80,17.7,Rural,Wildfire
INC1528,Brazil,2009,885,284,391,525,273.69,42,12.8,Rural,Industrial Accident
INC1529,Brazil,2003,4734,116,236,469,171.82,17,34.8,Rural,Industrial Accident
INC1530,Germany,2019,3436,107,884,382,496.61,55,36.5,Rural,Wildfire
INC1531,South Africa,2001,2583,286,882,352,349.46,25,12.8,Urban,Industrial Accident
INC1532,USA,2008,2782,96,260,638,177.42,25,51.2,Urban,Negligence
INC1533,Germany,2019,3775,209,948,595,379.17,84,19.7,Rural,Negligence
INC1534,India,2004,4664,143,196,35,51.13,81,38.7,Rural,Electrical Fault
INC1535,UK,2015,4235,390,753,651,450.64,67,48.1,Urban,Negligence
INC1536,Brazil,2009,2587,96,307,361,134.87,7,24.3,Urban,Negligence
INC1537,UK,2023,4811,182,611,740,162.97,40,46.3,Rural,Electrical Fault
INC1538,India,2006,3015,195,969,317,261.23,24,3.9,Rural,Wildfire
INC1539,South Africa,2003,845,15,787,684,30.04,19,53.8,Rural,Wildfire
INC1540,South Africa,2024,3957,252,649,327,322.32,23,3.4,Urban,Arson
INC1541,South Africa,2023,4601,417,315,758,420.66,11,49.5,Urban,Wildfire
INC1542,Germany,2014,4390,25,684,361,330.24,71,55.9,Urban,Arson
INC1543,Brazil,2024,4688,479,813,58,276.92,43,38.5,Rural,Arson
INC1544,India,2010,4849,460,375,785,246.83,30,11.8,Rural,Negligence
INC1545,USA,2014,159,99,475,689,326.48,9,52.3,Rural,Wildfire
INC1546,South Africa,2007,2267,305,518,244,97.76,2,6.6,Urban,Electrical Fault
INC1547,Australia,2003,1356,487,872,519,27.71,36,7.6,Rural,Industrial Accident
INC1548,South Africa,2008,2170,159,893,399,40.63,49,56.6,Rural,Wildfire
INC1549,Canada,2017,1120,173,563,478,137.44,40,15.1,Urban,Electrical Fault
INC1550,Russia,2021,4422,62,567,559,224.77,21,53.0,Urban,Arson
INC1551,USA,2002,4378,207,420,600,40.5,44,41.3,Urban,Arson
INC1552,South Africa,2006,811,50,80,373,306.33,65,7.2,Urban,Arson
INC1553,South Africa,2003,2260,99,998,757,452.5,29,42.1,Rural,Wildfire
INC1554,India,2010,1618,197,688,146,33.99,100,27.6,Rural,Electrical Fault
INC1555,Japan,2010,3922,327,357,385,10.73,30,46.1,Urban,Electrical Fault
INC1556,Japan,2014,1149,389,474,665,424.94,100,20.1,Urban,Electrical Fault
INC1557,Japan,2015,3468,110,967,501,248.21,46,57.3,Rural,Negligence
INC1558,Russia,2006,1398,471,688,176,381.06,97,30.4,Urban,Negligence
INC1559,Japan,2021,4595,472,238,555,68.49,98,59.0,Rural,Arson
INC1560,USA,2009,1843,444,523,418,390.01,56,49.3,Urban,Industrial Accident
INC1561,Germany,2022,2440,115,397,354,162.17,81,36.2,Urban,Electrical Fault
INC1562,Russia,2022,4540,295,603,720,446.1,27,15.8,Urban,Arson
INC1563,Australia,2002,3364,235,866,398,25.34,94,35.9,Urban,Arson
INC1564,India,2003,4697,238,690,58,155.55,48,14.0,Rural,Industrial Accident
INC1565,Russia,2021,4900,261,959,145,211.48,37,7.6,Urban,Negligence
INC1566,Australia,2010,3641,1,560,661,430.38,73,43.4,Urban,Industrial Accident
INC1567,Brazil,2005,3486,74,638,153,337.04,51,55.4,Urban,Wildfire
INC1568,UK,2011,2982,252,518,253,472.86,93,19.4,Rural,Negligence
INC1569,Canada,2017,1780,21,47,740,469.25,71,7.9,Rural,Electrical Fault
INC1570,Germany,2015,2905,410,465,586,104.76,16,35.4,Urban,Negligence
INC1571,UK,2024,2832,436,510,82,315.36,99,17.8,Rural,Industrial Accident
INC1572,UK,2010,986,413,761,472,34.93,57,34.3,Rural,Arson
INC1573,Brazil,2016,666,417,14,189,234.44,76,38.6,Urban,Arson
INC1574,UK,2017,399,481,290,455,175.18,4,34.5,Rural,Wildfire
INC1575,Japan,2009,4279,154,554,347,179.98,30,30.7,Rural,Arson
INC1576,Germany,2004,2823,320,18,29,217.19,5,12.6,Rural,Negligence
INC1577,Japan,2022,3679,187,611,379,156.77,54,45.1,Rural,Negligence
INC1578,Australia,2009,1016,484,58,10,152.15,34,38.8,Rural,Negligence
INC1579,Germany,2010,2657,373,156,200,169.99,31,31.1,Urban,Electrical Fault
INC1580,USA,2021,822,181,832,688,27.37,23,10.4,Urban,Industrial Accident
INC1581,USA,2008,4153,484,277,68,138.02,1,9.7,Urban,Wildfire
INC1582,Canada,2004,790,93,834,258,387.46,1,8.7,Rural,Electrical Fault
INC1583,USA,2002,4914,499,816,520,313.85,52,27.2,Rural,Arson
INC1584,Germany,2008,4406,444,488,740,222.43,63,31.5,Urban,Arson
INC1585,UK,2013,1211,492,186,546,24.09,94,6.5,Urban,Wildfire
INC1586,Australia,2023,2272,239,715,84,386.88,77,39.1,Urban,Industrial Accident
INC1587,USA,2007,1739,156,773,635,443.53,23,22.6,Urban,Electrical Fault
INC1588,Australia,2005,1049,497,386,230,355.42,43,53.0,Urban,Industrial Accident
INC1589,Germany,2000,2021,24,341,393,394.6,61,9.5,Rural,Electrical Fault
INC1590,India,2011,4467,227,254,753,212.49,58,54.6,Urban,Industrial Accident
INC1591,Canada,2019,2090,76,52,444,211.27,51,34.2,Urban,Wildfire
INC1592,USA,2012,1462,262,447,704,63.0,28,17.3,Urban,Electrical Fault
INC1593,USA,2024,1447,442,341,605,328.91,16,43.9,Rural,Wildfire
INC1594,Germany,2010,4134,172,693,355,194.19,77,36.8,Rural,Negligence
INC1595,Australia,2000,3133,475,513,213,428.2,88,46.6,Urban,Negligence
INC1596,Russia,2019,517,251,857,695,494.81,73,18.4,Rural,Arson
INC1597,USA,2016,3838,363,609,62,55.17,35,15.6,Rural,Wildfire
INC1598,Japan,2018,3685,133,34,482,410.54,25,56.2,Rural,Wildfire
INC1599,USA,2004,2005,403,132,337,189.16,70,23.6,Rural,Electrical Fault
INC1600,Germany,2019,3019,135,395,273,443.8,98,9.2,Rural,Arson
INC1601,UK,2006,2727,318,228,713,286.56,0,31.5,Urban,Industrial Accident
INC1602,USA,2019,1515,113,403,169,107.35,25,38.7,Rural,Electrical Fault
INC1603,UK,2022,331,300,660,466,380.3,61,36.7,Rural,Industrial Accident
INC1604,South Africa,2015,4383,363,37,446,431.77,90,20.8,Urban,Arson
INC1605,India,2006,4138,495,737,324,284.7,3,20.9,Rural,Electrical Fault
INC1606,India,2006,2709,396,607,134,62.78,41,5.4,Rural,Industrial Accident
INC1607,Australia,2008,2449,232,564,78,45.35,83,22.9,Rural,Industrial Accident
INC1608,Germany,2013,4433,344,254,228,439.43,87,32.9,Urban,Negligence
INC1609,India,2010,2430,245,263,463,266.49,68,16.2,Rural,Electrical Fault
INC1610,South Africa,2016,2820,397,298,361,99.44,62,3.4,Urban,Negligence
INC1611,India,2000,482,102,519,395,450.21,100,39.7,Rural,Industrial Accident
INC1612,Japan,2019,1208,167,827,313,197.48,26,13.4,Rural,Arson
INC1613,Russia,2004,2616,253,386,423,58.05,69,18.4,Rural,Industrial Accident
INC1614,South Africa,2022,4789,15,627,253,3.32,64,56.8,Rural,Arson
INC1615,Japan,2003,95,152,750,221,133.59,1,20.3,Urban,Arson
INC1616,UK,2022,4789,353,809,83,216.74,25,13.2,Urban,Industrial Accident
INC1617,Brazil,2014,2536,480,259,279,371.84,54,34.0,Urban,Industrial Accident
INC1618,India,2006,2565,81,705,763,270.2,96,39.5,Rural,Electrical Fault
INC1619,Canada,2012,1721,471,80,445,472.28,71,39.4,Rural,Industrial Accident
INC1620,UK,2021,3003,13,702,749,372.35,61,44.9,Urban,Negligence
INC1621,Canada,2003,589,176,107,716,329.87,26,38.7,Rural,Arson
INC1622,USA,2011,2505,5,731,400,418.34,34,60.0,Rural,Industrial Accident
INC1623,Japan,2009,2527,290,252,347,367.09,61,4.7,Rural,Industrial Accident
INC1624,Canada,2004,1807,402,471,752,157.06,95,6.0,Urban,Negligence
INC1625,India,2008,4683,478,947,574,463.37,100,57.6,Rural,Industrial Accident
INC1626,UK,2007,4722,377,65,215,213.78,85,21.5,Urban,Negligence
INC1627,Japan,2003,3460,443,390,679,355.17,82,29.7,Rural,Industrial Accident
INC1628,South Africa,2003,4662,328,169,532,31.19,7,21.0,Rural,Negligence
INC1629,Germany,2001,1836,405,91,215,396.35,85,25.1,Urban,Wildfire
INC1630,Russia,2011,4213,101,514,374,463.1,0,22.4,Urban,Negligence
INC1631,UK,2020,4183,235,192,140,352.73,64,56.9,Rural,Electrical Fault
INC1632,South Africa,2013,2505,126,441,435,455.06,34,27.1,Urban,Electrical Fault
INC1633,Russia,2007,3350,164,289,176,421.59,64,46.0,Urban,Wildfire
INC1634,Russia,2004,4404,338,1000,281,249.2,13,33.4,Urban,Negligence
INC1635,Canada,2011,2505,468,498,614,23.38,50,39.4,Rural,Negligence
INC1636,Brazil,2013,706,399,167,121,39.51,31,17.4,Rural,Wildfire
INC1637,Russia,2022,3130,414,970,724,319.26,45,3.5,Rural,Arson
INC1638,Russia,2022,4606,426,781,136,12.45,98,33.9,Rural,Industrial Accident
INC1639,Japan,2005,4658,455,231,685,284.21,11,49.3,Urban,Wildfire
INC1640,UK,2001,4659,148,281,221,478.01,9,57.5,Rural,Industrial Accident
INC1641,Brazil,2011,3938,181,841,273,283.0,16,27.2,Rural,Industrial Accident
INC1642,Australia,2022,2812,201,359,424,135.36,23,37.5,Rural,Electrical Fault
INC1643,Australia,2007,2203,145,694,729,467.54,92,18.6,Rural,Industrial Accident
INC1644,Japan,2009,867,483,231,717,145.57,10,8.6,Urban,Wildfire
INC1645,Australia,2016,1319,82,317,576,348.79,93,6.9,Urban,Electrical Fault
INC1646,Russia,2007,3760,280,258,403,333.22,46,28.6,Rural,Electrical Fault
INC1647,Germany,2011,1984,57,422,403,88.79,13,47.3,Urban,Arson
INC1648,Japan,2001,2667,259,740,444,382.61,44,16.2,Urban,Negligence
INC1649,Japan,2020,3797,395,264,696,48.17,88,30.7,Urban,Industrial Accident
INC1650,Canada,2012,899,485,481,217,431.71,23,12.8,Rural,Industrial Accident
INC1651,Japan,2010,3293,472,476,77,495.88,55,59.4,Urban,Industrial Accident
INC1652,India,2013,2551,261,666,333,338.91,56,11.1,Rural,Wildfire
INC1653,Japan,2022,1223,183,442,97,12.71,25,24.8,Urban,Wildfire
INC1654,UK,2004,4535,200,786,281,348.09,73,52.1,Rural,Wildfire
INC1655,Russia,2002,1261,166,504,180,85.64,34,14.8,Urban,Wildfire
INC1656,Germany,2017,4148,350,802,736,264.97,67,11.6,Urban,Arson
INC1657,Russia,2014,2843,46,261,42,346.98,30,27.1,Urban,Arson
INC1658,Australia,2005,2407,187,135,104,97.44,87,12.3,Urban,Electrical Fault
INC1659,Australia,2016,2772,203,689,37,27.4,30,24.7,Rural,Industrial Accident
INC1660,UK,2017,1616,310,696,191,50.34,53,34.7,Rural,Wildfire
INC1661,USA,2020,1489,90,908,633,413.32,1,51.2,Urban,Negligence
INC1662,Canada,2008,1435,273,670,31,406.14,21,7.0,Urban,Electrical Fault
INC1663,Russia,2018,2845,244,702,565,128.68,78,54.0,Rural,Negligence
INC1664,Russia,2014,968,407,844,698,362.08,17,59.2,Rural,Electrical Fault
INC1665,Canada,2007,513,65,956,204,490.35,49,38.1,Urban,Wildfire
INC1666,Australia,2023,2671,463,609,538,490.96,96,54.0,Rural,Arson
INC1667,Canada,2010,1605,357,624,258,227.19,68,57.1,Rural,Wildfire
INC1668,South Africa,2002,4976,45,757,640,31.07,14,19.0,Urban,Wildfire
INC1669,South Africa,2015,2423,229,162,352,119.21,60,36.2,Rural,Industrial Accident
INC1670,UK,2005,4741,250,649,437,111.36,32,46.7,Urban,Industrial Accident
INC1671,Russia,2023,885,179,349,633,8.17,44,5.3,Urban,Wildfire
INC1672,USA,2007,3522,155,306,0,325.51,38,11.8,Rural,Negligence
INC1673,UK,2023,366,100,164,643,424.97,77,25.7,Rural,Wildfire
INC1674,Russia,2016,3575,277,854,167,238.69,0,33.1,Rural,Negligence
INC1675,India,2018,865,51,737,163,94.52,92,48.5,Urban,Electrical Fault
INC1676,Russia,2010,357,271,415,126,438.89,25,26.6,Urban,Negligence
INC1677,Japan,2010,2691,126,933,254,438.95,14,43.1,Urban,Industrial Accident
INC1678,UK,2010,2946,268,635,652,273.06,85,47.2,Urban,Electrical Fault
INC1679,Australia,2012,1465,207,965,179,335.44,40,43.3,Rural,Arson
INC1680,Canada,2002,324,320,559,236,145.81,79,40.1,Rural,Arson
INC1681,Australia,2016,1099,9,281,664,320.54,50,41.5,Urban,Arson
INC1682,USA,2017,2452,314,86,298,187.72,51,48.3,Rural,Arson
INC1683,Canada,2017,3486,245,281,190,140.22,31,45.9,Rural,Arson
INC1684,Japan,2011,1795,404,250,150,416.19,15,54.0,Urban,Industrial Accident
INC1685,Brazil,2009,4097,316,986,80,106.87,9,39.0,Rural,Electrical Fault
INC1686,Australia,2011,3566,45,174,95,244.11,89,35.4,Rural,Arson
INC1687,Brazil,2013,4834,129,834,620,22.31,13,38.6,Rural,Electrical Fault
INC1688,USA,2013,611,57,45,647,164.28,22,31.0,Rural,Negligence
INC1689,Russia,2005,295,436,900,207,17.4,79,52.6,Rural,Arson
INC1690,Brazil,2013,1442,49,957,227,131.51,35,40.8,Rural,Arson
INC1691,Germany,2013,523,390,98,37,293.77,79,14.9,Urban,Wildfire
INC1692,Australia,2004,221,272,126,102,422.62,58,29.1,Rural,Electrical Fault
INC1693,Australia,2020,2517,311,125,514,11.77,31,29.4,Urban,Industrial Accident
INC1694,South Africa,2011,3958,143,269,17,292.35,39,8.5,Urban,Arson
INC1695,Russia,2015,1058,237,167,203,240.37,35,36.8,Urban,Wildfire
INC1696,Russia,2015,4086,213,387,540,272.85,5,29.0,Urban,Negligence
INC1697,Australia,2002,2597,418,629,118,77.27,95,34.9,Urban,Negligence
INC1698,Russia,2003,4372,465,261,221,408.58,27,32.8,Rural,Negligence
INC1699,Germany,2023,1577,487,266,106,30.18,42,11.9,Urban,Negligence
INC1700,India,2023,3560,136,365,587,446.14,28,45.2,Urban,Industrial Accident
INC1701,India,2013,4198,182,568,59,423.35,99,59.7,Urban,Industrial Accident
INC1702,South Africa,2014,3330,169,546,609,434.58,22,54.8,Urban,Electrical Fault
INC1703,Germany,2007,1851,161,352,343,171.98,26,24.1,Rural,Industrial Accident
INC1704,USA,2011,769,395,450,250,494.34,11,43.3,Urban,Negligence
INC1705,Japan,2013,4583,97,978,776,493.42,13,12.3,Rural,Electrical Fault
INC1706,Brazil,2003,1206,202,354,793,22.24,9,42.9,Urban,Industrial Accident
INC1707,Japan,2013,2902,357,831,729,193.53,52,14.6,Urban,Industrial Accident
INC1708,Brazil,2000,487,124,317,585,146.22,20,38.1,Urban,Wildfire
INC1709,South Africa,2017,1190,376,438,428,80.52,5,7.4,Rural,Electrical Fault
INC1710,Japan,2015,2500,255,532,347,54.4,75,3.9,Urban,Electrical Fault
INC1711,Russia,2005,3071,468,526,259,137.09,31,53.6,Rural,Arson
INC1712,Japan,2008,4398,411,665,175,125.43,54,3.4,Rural,Wildfire
INC1713,UK,2005,4220,448,168,737,326.69,39,20.9,Urban,Arson
INC1714,Germany,2015,905,353,271,164,310.03,59,22.4,Urban,Industrial Accident
INC1715,Japan,2006,3597,477,44,591,435.6,37,18.8,Urban,Wildfire
INC1716,Canada,2012,2073,167,733,113,307.02,88,11.1,Urban,Electrical Fault
INC1717,Russia,2010,4888,180,98,157,326.78,60,37.5,Rural,Wildfire
INC1718,USA,2007,649,131,900,145,384.48,37,4.8,Rural,Negligence
INC1719,USA,2012,4821,480,827,225,360.92,87,49.9,Rural,Negligence
INC1720,USA,2003,2554,369,874,204,468.31,75,48.0,Urban,Wildfire
INC1721,Germany,2015,322,7,594,541,255.53,48,41.5,Rural,Industrial Accident
INC1722,Japan,2008,1399,191,968,536,376.11,47,54.1,Rural,Electrical Fault
INC1723,USA,2023,1462,373,184,523,318.04,14,15.3,Rural,Wildfire
INC1724,Brazil,2013,3011,397,413,611,304.22,11,31.2,Urban,Negligence
INC1725,Australia,2015,1649,8,197,740,369.42,89,36.7,Urban,Wildfire
INC1726,Russia,2010,2434,188,339,632,56.14,44,5.3,Urban,Arson
INC1727,Australia,2024,603,430,623,192,26.2,27,29.0,Rural,Electrical Fault
INC1728,South Africa,2023,3117,267,21,249,358.25,48,35.1,Rural,Negligence
INC1729,USA,2015,1448,481,652,146,186.33,57,7.5,Rural,Arson
INC1730,Russia,2017,2193,280,700,553,196.99,45,41.9,Rural,Arson
INC1731,Japan,2020,2195,377,847,322,385.89,27,37.9,Urban,Industrial Accident
INC1732,Canada,2005,720,237,981,324,433.7,45,36.3,Rural,Wildfire
INC1733,Australia,2007,787,118,1,53,125.36,96,53.4,Rural,Arson
INC1734,Germany,2006,751,379,967,211,253.55,89,15.7,Urban,Industrial Accident
INC1735,USA,2016,3472,354,823,56,457.02,6,31.9,Urban,Electrical Fault
INC1736,India,2023,3143,381,430,707,213.34,20,47.3,Urban,Arson
INC1737,Australia,2021,3924,390,325,518,470.28,2,25.4,Urban,Wildfire
INC1738,India,2003,4339,120,840,647,418.97,9,19.9,Rural,Electrical Fault
INC1739,India,2017,3144,430,738,516,40.33,42,33.1,Urban,Industrial Accident
INC1740,Japan,2020,3352,418,855,740,55.12,51,9.0,Rural,Negligence
INC1741,India,2008,3805,224,809,409,249.6,56,19.6,Rural,Arson
INC1742,South Africa,2024,4573,190,197,82,168.2,7,7.2,Rural,Negligence
INC1743,South Africa,2000,2284,275,92,609,432.32,78,3.9,Rural,Electrical Fault
INC1744,Australia,2019,190,231,398,5,140.24,40,34.7,Urban,Arson
INC1745,Russia,2023,1925,333,623,218,228.11,93,11.2,Urban,Wildfire
INC1746,USA,2009,4370,117,706,531,248.62,28,12.6,Urban,Arson
INC1747,South Africa,2002,2660,360,391,55,438.8,69,19.7,Rural,Arson
INC1748,Australia,2018,3089,462,588,156,307.59,59,16.3,Urban,Arson
INC1749,Germany,2014,3234,111,199,162,344.92,14,38.7,Urban,Industrial Accident
INC1750,South Africa,2016,3076,51,897,148,294.42,61,23.4,Urban,Wildfire
INC1751,Germany,2004,3408,205,410,178,2.4,21,11.9,Rural,Arson
INC1752,Australia,2012,4209,272,404,26,167.8,3,17.8,Rural,Wildfire
INC1753,Russia,2013,4610,115,909,646,69.96,13,41.8,Urban,Industrial Accident
INC1754,Canada,2013,1973,435,815,369,324.02,95,40.5,Urban,Negligence
INC1755,Germany,2011,2347,400,421,33,57.68,30,33.6,Rural,Electrical Fault
INC1756,UK,2001,919,415,928,316,55.96,36,43.6,Urban,Electrical Fault
INC1757,Russia,2007,1976,255,469,162,170.8,21,28.5,Urban,Industrial Accident
INC1758,Japan,2006,1348,18,481,703,382.9,49,39.5,Urban,Electrical Fault
INC1759,USA,2019,2907,345,125,496,65.73,38,41.5,Urban,Wildfire
INC1760,South Africa,2011,4243,85,992,403,392.5,25,7.7,Urban,Arson
INC1761,India,2016,314,104,700,70,230.37,80,48.9,Rural,Electrical Fault
INC1762,India,2015,3467,290,30,372,111.59,95,45.8,Urban,Negligence
INC1763,UK,2007,4284,391,539,540,111.12,55,52.8,Rural,Industrial Accident
INC1764,Australia,2022,2063,196,671,597,37.91,12,9.0,Urban,Industrial Accident
INC1765,USA,2021,2122,30,778,716,487.45,24,54.0,Urban,Negligence
INC1766,USA,2005,2832,187,259,600,379.43,63,26.8,Rural,Arson
INC1767,Russia,2013,1015,123,417,561,478.11,47,47.9,Urban,Arson
INC1768,Canada,2017,70,351,313,138,375.54,25,4.1,Rural,Industrial Accident
INC1769,India,2020,719,494,342,191,98.75,84,36.5,Urban,Electrical Fault
INC1770,South Africa,2010,650,359,47,311,107.49,41,54.5,Urban,Arson
INC1771,Brazil,2012,1782,343,253,54,49.99,60,15.7,Urban,Negligence
INC1772,Australia,2007,188,309,196,4,403.64,85,38.9,Urban,Electrical Fault
INC1773,Russia,2012,3880,130,56,552,238.84,74,28.7,Urban,Industrial Accident
INC1774,UK,2017,495,419,120,743,270.37,68,43.8,Rural,Arson
INC1775,South Africa,2001,870,224,812,585,437.7,12,9.7,Rural,Industrial Accident
INC1776,India,2001,2306,380,732,558,325.46,80,16.3,Rural,Negligence
INC1777,Germany,2016,4464,397,559,573,433.66,24,57.7,Rural,Arson
INC1778,Russia,2022,4835,346,181,757,415.03,47,5.7,Urban,Negligence
INC1779,Canada,2007,569,180,344,480,498.7,34,31.3,Urban,Arson
INC1780,South Africa,2008,3259,148,561,663,10.64,10,9.8,Urban,Electrical Fault
INC1781,USA,2003,3977,211,632,64,452.05,6,6.1,Urban,Industrial Accident
INC1782,USA,2002,3569,63,669,713,416.8,70,40.2,Rural,Industrial Accident
INC1783,Russia,2013,3986,356,276,298,373.51,85,24.5,Rural,Arson
INC1784,Australia,2015,3851,17,703,719,384.94,66,15.9,Urban,Negligence
INC1785,Australia,2022,2831,315,261,398,380.29,76,28.2,Rural,Industrial Accident
INC1786,India,2002,1901,339,111,365,402.82,9,44.9,Urban,Electrical Fault
INC1787,Germany,2002,2367,32,475,295,133.45,67,14.5,Rural,Negligence
INC1788,Canada,2007,216,94,191,314,101.44,47,51.4,Rural,Wildfire
INC1789,Australia,2021,1067,13,21,84,256.1,64,7.7,Rural,Industrial Accident
INC1790,Canada,2005,2624,365,711,634,238.22,8,14.1,Urban,Industrial Accident
INC1791,India,2008,460,442,934,582,101.56,35,54.9,Urban,Wildfire
INC1792,Russia,2006,4222,283,506,750,322.8,92,8.4,Rural,Electrical Fault
INC1793,Japan,2007,3336,310,468,213,168.03,13,57.3,Urban,Wildfire
INC1794,India,2009,4203,227,127,223,348.34,80,31.3,Urban,Arson
INC1795,Germany,2009,3298,176,665,211,38.56,65,11.7,Urban,Wildfire
INC1796,Australia,2013,4179,378,561,41,483.16,87,27.9,Rural,Arson
INC1797,Australia,2000,3295,6,419,188,62.33,86,41.4,Rural,Wildfire
INC1798,South Africa,2022,2611,65,579,234,295.87,65,48.5,Rural,Arson
INC1799,India,2020,814,181,146,403,290.57,0,38.4,Urban,Negligence
INC1800,USA,2006,2542,348,826,779,107.87,30,55.7,Rural,Wildfire
INC1801,USA,2008,3039,24,351,707,492.42,54,29.7,Urban,Negligence
INC1802,South Africa,2018,3235,348,385,402,498.27,8,4.8,Urban,Electrical Fault
INC1803,UK,2015,4999,144,276,222,397.0,64,6.7,Urban,Arson
INC1804,India,2019,2401,179,210,104,308.65,80,31.9,Rural,Arson
INC1805,Brazil,2021,4238,308,993,634,329.77,8,52.2,Urban,Wildfire
INC1806,USA,2006,4804,305,398,223,365.2,89,57.6,Rural,Negligence
INC1807,Russia,2000,1880,357,713,672,453.46,60,55.3,Rural,Electrical Fault
INC1808,India,2020,2736,309,83,704,214.63,24,11.0,Rural,Negligence
INC1809,Canada,2005,208,14,95,194,343.3,54,46.6,Urban,Arson
INC1810,Canada,2011,4321,301,841,629,462.68,15,39.0,Rural,Industrial Accident
INC1811,Russia,2009,3340,133,186,115,398.02,64,36.6,Rural,Industrial Accident
INC1812,USA,2012,1818,448,411,638,308.03,38,10.4,Rural,Wildfire
INC1813,South Africa,2007,1457,58,606,532,322.85,69,44.4,Urban,Electrical Fault
INC1814,Germany,2017,4759,338,849,192,304.54,87,15.7,Rural,Wildfire
INC1815,Japan,2014,1368,417,752,569,207.36,37,59.9,Urban,Wildfire
INC1816,Brazil,2004,299,378,572,499,3.4,81,55.6,Urban,Industrial Accident
INC1817,USA,2007,1564,384,272,644,151.26,0,28.6,Urban,Wildfire
INC1818,UK,2006,313,129,252,282,58.02,26,39.0,Rural,Arson
INC1819,Brazil,2020,4262,64,354,122,303.84,34,47.6,Rural,Negligence
INC1820,Australia,2013,2062,122,61,296,478.08,79,40.1,Urban,Arson
INC1821,Germany,2005,2807,227,673,665,27.94,48,9.5,Rural,Arson
INC1822,Canada,2018,3287,350,758,694,321.42,62,20.3,Rural,Industrial Accident
INC1823,Brazil,2002,1183,245,327,65,259.76,38,43.2,Urban,Electrical Fault
INC1824,UK,2011,1377,449,726,299,183.04,67,18.7,Urban,Electrical Fault
INC1825,USA,2021,417,109,456,341,398.93,73,42.3,Rural,Industrial Accident
INC1826,Brazil,2004,2857,78,983,592,274.79,2,2.5,Urban,Negligence
INC1827,Japan,2016,3015,229,757,144,327.08,28,44.3,Rural,Arson
INC1828,Brazil,2001,4694,7,477,451,309.7,80,45.3,Rural,Electrical Fault
INC1829,Australia,2020,2976,36,68,208,427.48,56,43.3,Rural,Negligence
INC1830,India,2020,1226,390,959,173,10.22,50,48.9,Rural,Industrial Accident
INC1831,Canada,2014,2830,315,511,157,120.42,18,31.2,Urban,Wildfire
INC1832,Australia,2004,1407,369,201,253,286.04,80,21.0,Rural,Wildfire
INC1833,Japan,2022,2474,277,642,689,70.21,30,2.2,Urban,Wildfire
INC1834,UK,2007,3526,296,500,103,75.29,98,11.5,Urban,Wildfire
INC1835,South Africa,2011,275,424,315,253,463.5,28,48.4,Urban,Arson
INC1836,Japan,2008,4796,424,153,276,264.84,21,58.6,Urban,Arson
INC1837,Germany,2002,759,189,41,409,56.17,32,7.8,Rural,Electrical Fault
INC1838,South Africa,2023,1303,461,245,466,212.0,77,35.9,Rural,Wildfire
INC1839,Russia,2014,3755,437,739,305,288.21,35,31.7,Urban,Arson
INC1840,UK,2021,2251,238,948,371,397.08,66,23.6,Rural,Negligence
INC1841,Germany,2012,1577,499,329,289,158.62,24,57.9,Rural,Negligence
INC1842,Brazil,2016,1662,38,429,323,41.73,57,43.0,Rural,Negligence
INC1843,Russia,2013,3969,319,585,48,235.03,31,29.8,Urban,Arson
INC1844,Germany,2000,3890,455,602,522,391.12,25,5.1,Rural,Wildfire
INC1845,Russia,2021,348,369,909,686,485.01,56,36.5,Rural,Arson
INC1846,India,2003,247,392,246,213,487.03,32,9.9,Rural,Arson
INC1847,Russia,2012,561,134,512,634,404.55,83,31.4,Urban,Arson
INC1848,USA,2000,4587,186,435,276,493.92,16,10.3,Urban,Wildfire
INC1849,USA,2005,2414,182,356,568,177.56,42,22.7,Urban,Negligence
INC1850,Russia,2003,2329,76,827,252,270.79,26,6.9,Rural,Industrial Accident
INC1851,Germany,2018,3874,304,465,321,102.0,62,51.3,Rural,Wildfire
INC1852,Germany,2004,3514,58,955,69,60.47,36,48.6,Rural,Arson
INC1853,Australia,2000,4820,274,467,725,241.12,42,22.0,Rural,Arson
INC1854,UK,2012,4326,384,745,509,460.39,81,8.1,Rural,Wildfire
INC1855,India,2022,2909,171,810,305,212.97,6,17.8,Rural,Arson
INC1856,Germany,2002,3488,100,912,190,77.16,67,25.8,Rural,Electrical Fault
INC1857,South Africa,2001,3513,128,784,429,319.84,67,58.4,Rural,Arson
INC1858,Australia,2002,4376,251,728,618,342.93,85,15.2,Rural,Wildfire
INC1859,Japan,2017,2068,83,1,561,486.68,14,25.1,Urban,Electrical Fault
INC1860,Canada,2002,942,285,945,242,429.11,57,51.2,Rural,Industrial Accident
INC1861,Germany,2017,1804,405,638,209,137.0,44,33.1,Urban,Electrical Fault
INC1862,Canada,2009,135,101,913,54,115.55,88,25.6,Rural,Arson
INC1863,South Africa,2012,2192,197,861,463,189.41,63,15.1,Urban,Wildfire
INC1864,Canada,2017,1209,120,173,620,160.84,21,40.5,Rural,Electrical Fault
INC1865,Russia,2023,3037,466,48,206,102.13,44,7.7,Urban,Industrial Accident
INC1866,Russia,2004,4345,200,580,316,265.87,58,28.1,Urban,Negligence
INC1867,Australia,2016,427,71,782,547,391.84,66,5.4,Rural,Arson
INC1868,Canada,2014,1385,436,372,642,216.68,87,25.0,Urban,Negligence
INC1869,India,2006,1735,81,740,717,182.59,36,16.4,Urban,Industrial Accident
INC1870,India,2009,1144,130,887,683,369.24,78,20.5,Rural,Industrial Accident
INC1871,UK,2019,4336,177,671,674,431.21,56,47.6,Urban,Wildfire
INC1872,Japan,2005,1888,424,370,0,110.14,31,31.6,Urban,Industrial Accident
INC1873,Australia,2017,3572,347,17,592,363.88,44,20.4,Urban,Arson
INC1874,India,2002,3133,98,869,576,77.19,0,29.6,Urban,Arson
INC1875,Japan,2016,1882,10,370,361,134.44,96,23.4,Rural,Negligence
INC1876,Russia,2007,642,333,373,396,359.53,71,55.1,Urban,Arson
INC1877,Russia,2021,4710,423,122,36,463.64,14,6.7,Rural,Industrial Accident
INC1878,Japan,2004,2526,443,433,797,302.31,33,24.4,Urban,Negligence
INC1879,Canada,2003,2294,7,844,596,96.07,100,47.9,Rural,Negligence
INC1880,Japan,2004,2857,58,212,717,80.09,84,20.4,Rural,Negligence
INC1881,Japan,2008,956,336,157,341,143.96,33,12.4,Urban,Arson
INC1882,USA,2020,1157,368,277,359,374.8,75,40.9,Urban,Industrial Accident
INC1883,South Africa,2012,4163,452,847,660,490.79,27,29.3,Urban,Arson
INC1884,Germany,2006,1335,146,887,684,405.61,91,19.6,Rural,Industrial Accident
INC1885,Russia,2001,4979,60,49,563,380.53,7,35.5,Rural,Electrical Fault
INC1886,Brazil,2001,552,101,981,499,434.24,36,55.6,Urban,Industrial Accident
INC1887,Japan,2007,1830,485,588,660,284.6,78,41.3,Rural,Wildfire
INC1888,Canada,2010,3700,420,125,562,264.27,6,2.0,Urban,Wildfire
INC1889,South Africa,2009,195,433,667,280,306.38,19,47.8,Urban,Wildfire
INC1890,Australia,2008,932,309,309,233,189.67,17,38.5,Urban,Electrical Fault
INC1891,UK,2018,1207,152,28,786,24.61,23,59.0,Rural,Arson
INC1892,Brazil,2005,3735,458,120,214,258.86,10,23.4,Urban,Negligence
INC1893,Australia,2009,1621,265,318,114,428.1,41,17.0,Rural,Wildfire
INC1894,Japan,2011,4138,97,426,147,441.68,35,46.7,Rural,Negligence
INC1895,India,2013,4999,493,379,103,2.33,48,8.5,Urban,Arson
INC1896,Japan,2020,3719,415,523,444,7.55,79,10.0,Rural,Wildfire
INC1897,Russia,2018,2649,373,679,761,470.93,16,42.1,Urban,Arson
INC1898,South Africa,2020,4503,113,567,46,216.95,77,53.0,Rural,Arson
INC1899,South Africa,2000,4097,320,555,738,33.74,58,23.1,Urban,Industrial Accident
INC1900,South Africa,2006,3940,199,264,793,383.87,66,20.5,Rural,Wildfire
INC1901,Japan,2013,1689,307,191,688,416.53,3,41.4,Urban,Arson
INC1902,South Africa,2018,4463,354,964,524,253.22,10,18.6,Rural,Industrial Accident
INC1903,Canada,2021,4725,66,538,532,366.3,4,38.5,Rural,Electrical Fault
INC1904,Russia,2013,97,180,194,544,83.74,10,17.6,Rural,Wildfire
INC1905,Australia,2017,2170,466,239,130,18.47,43,51.3,Urban,Industrial Accident
INC1906,Japan,2007,3207,93,369,634,38.61,52,52.8,Urban,Electrical Fault
INC1907,UK,2005,3121,49,540,649,265.36,76,47.4,Rural,Industrial Accident
INC1908,Japan,2002,4754,108,230,718,141.22,6,46.5,Rural,Electrical Fault
INC1909,India,2016,3622,86,775,286,491.05,76,46.3,Rural,Industrial Accident
INC1910,USA,2005,4952,257,198,741,345.11,7,21.0,Urban,Industrial Accident
INC1911,Australia,2010,1244,64,83,654,219.9,36,23.0,Rural,Electrical Fault
INC1912,UK,2021,2093,141,568,49,70.55,32,33.1,Urban,Wildfire
INC1913,Japan,2022,2893,133,630,335,4.99,63,9.6,Rural,Arson
INC1914,Russia,2015,648,473,115,701,478.77,81,12.1,Urban,Negligence
INC1915,Russia,2019,3400,285,235,329,263.38,29,15.7,Rural,Negligence
INC1916,Japan,2005,1680,462,511,679,268.82,77,54.8,Rural,Wildfire
INC1917,Japan,2017,929,280,802,137,378.05,98,35.9,Rural,Wildfire
INC1918,Russia,2011,775,388,78,572,201.0,58,57.8,Rural,Electrical Fault
INC1919,UK,2012,3268,292,197,365,198.16,71,58.2,Rural,Arson
INC1920,Germany,2002,3638,109,251,85,21.71,94,43.5,Rural,Wildfire
INC1921,Brazil,2018,3147,50,58,566,265.31,14,31.8,Urban,Electrical Fault
INC1922,Brazil,2023,2453,168,430,1,7.91,74,40.2,Rural,Industrial Accident
INC1923,India,2011,4209,253,551,478,359.54,71,45.5,Rural,Industrial Accident
INC1924,Japan,2024,812,208,861,694,300.44,8,56.7,Urban,Electrical Fault
INC1925,Canada,2000,2467,371,703,35,415.32,66,55.1,Rural,Industrial Accident
INC1926,USA,2009,521,108,503,704,231.78,100,43.6,Urban,Negligence
INC1927,Japan,2007,1181,70,600,781,313.0,14,13.9,Urban,Electrical Fault
INC1928,Germany,2008,3470,499,762,290,26.4,42,22.3,Urban,Arson
INC1929,Germany,2005,3459,192,875,146,391.69,22,39.9,Rural,Electrical Fault
INC1930,South Africa,2019,4168,140,780,571,324.52,47,56.3,Urban,Arson
INC1931,South Africa,2002,315,331,70,651,335.34,100,18.6,Urban,Negligence
INC1932,UK,2003,2761,440,754,124,113.11,61,24.4,Urban,Wildfire
INC1933,Australia,2001,94,206,536,259,258.92,9,3.8,Urban,Electrical Fault
INC1934,Russia,2018,3070,148,422,270,410.88,19,59.3,Rural,Industrial Accident
INC1935,Russia,2022,4538,321,415,784,448.61,70,6.6,Urban,Arson
INC1936,UK,2012,1179,403,704,118,296.9,52,29.6,Rural,Arson
INC1937,USA,2022,1407,318,788,195,18.72,64,13.6,Rural,Negligence
INC1938,UK,2007,4277,6,235,316,443.01,22,4.6,Urban,Wildfire
INC1939,Japan,2011,703,284,276,757,366.02,46,43.3,Rural,Arson
INC1940,UK,2016,3626,90,350,355,67.02,75,26.0,Rural,Negligence
INC1941,Japan,2000,4929,366,343,334,237.22,28,6.0,Rural,Electrical Fault
INC1942,Canada,2018,4460,409,534,104,380.08,79,12.8,Urban,Industrial Accident
INC1943,USA,2002,2190,186,733,264,436.25,58,14.7,Rural,Negligence
INC1944,Russia,2008,4940,108,812,226,207.51,10,9.4,Urban,Wildfire
INC1945,India,2018,4760,137,520,779,174.13,55,42.3,Rural,Wildfire
INC1946,Japan,2000,3226,265,23,379,44.75,97,41.3,Rural,Industrial Accident
INC1947,Brazil,2024,1754,98,282,260,29.57,87,56.0,Rural,Negligence
INC1948,Germany,2021,4271,117,748,168,401.87,69,45.0,Rural,Industrial Accident
INC1949,Russia,2018,2457,97,237,499,43.95,76,5.2,Urban,Arson
INC1950,Russia,2008,4751,253,506,296,93.34,20,10.6,Urban,Negligence
INC1951,UK,2019,4069,373,119,741,139.94,94,10.3,Urban,Industrial Accident
INC1952,Canada,2012,700,183,100,605,234.12,49,38.4,Rural,Negligence
INC1953,Japan,2016,799,484,461,493,462.62,18,27.6,Urban,Arson
INC1954,Germany,2004,1780,243,215,615,284.4,12,28.2,Urban,Industrial Accident
INC1955,USA,2001,373,315,990,340,45.89,34,49.0,Rural,Industrial Accident
INC1956,Brazil,2013,4847,249,768,587,239.95,80,17.8,Rural,Negligence
INC1957,South Africa,2006,4225,81,327,54,270.91,51,19.9,Rural,Arson
INC1958,Germany,2009,2529,217,411,7,223.92,48,47.1,Urban,Electrical Fault
INC1959,Japan,2015,4071,300,776,752,476.85,41,13.6,Urban,Wildfire
INC1960,Russia,2010,3528,263,440,174,438.87,72,41.6,Urban,Electrical Fault
INC1961,Russia,2022,806,260,712,169,342.05,42,7.4,Urban,Wildfire
INC1962,USA,2004,2576,439,988,89,320.39,91,7.9,Rural,Wildfire
INC1963,Canada,2004,1481,119,353,793,242.28,81,2.7,Urban,Electrical Fault
INC1964,India,2004,4588,142,705,33,107.28,62,28.0,Rural,Electrical Fault
INC1965,Canada,2018,1342,411,659,255,245.66,94,30.3,Urban,Industrial Accident
INC1966,Australia,2019,1639,457,517,772,183.69,42,50.7,Urban,Negligence
INC1967,UK,2010,2577,176,375,796,137.3,4,47.8,Rural,Electrical Fault
INC1968,UK,2006,4187,409,105,292,455.28,77,12.3,Rural,Wildfire
INC1969,Canada,2022,3745,413,736,47,175.52,51,44.1,Urban,Arson
INC1970,USA,2010,4139,131,486,273,187.83,70,14.2,Rural,Arson
INC1971,South Africa,2008,1052,221,277,133,187.8,19,19.5,Rural,Industrial Accident
INC1972,Germany,2002,4305,376,883,395,249.67,73,49.2,Urban,Electrical Fault
INC1973,Canada,2002,2318,169,589,269,304.92,31,39.8,Urban,Negligence
INC1974,Australia,2018,1979,220,96,272,381.07,38,51.0,Urban,Wildfire
INC1975,Russia,2002,3609,286,947,423,419.42,52,36.3,Rural,Wildfire
INC1976,Canada,2012,1622,106,304,342,205.95,37,24.4,Urban,Arson
INC1977,UK,2018,525,291,282,412,126.44,41,27.8,Urban,Wildfire
INC1978,Brazil,2021,303,183,422,362,265.26,25,15.2,Urban,Wildfire
INC1979,Japan,2016,4022,183,376,156,277.45,34,36.8,Urban,Arson
INC1980,USA,2007,4123,342,223,407,206.63,39,54.1,Rural,Electrical Fault
INC1981,South Africa,2024,758,307,275,617,383.21,4,32.9,Rural,Negligence
INC1982,South Africa,2003,2466,198,433,344,117.06,4,44.8,Rural,Arson
INC1983,Germany,2019,4174,29,87,140,271.89,15,43.5,Urban,Wildfire
INC1984,Japan,2020,2895,488,404,688,310.25,28,49.3,Urban,Industrial Accident
INC1985,India,2010,1898,92,877,178,164.9,64,21.1,Urban,Wildfire
INC1986,Russia,2006,1199,76,996,560,261.33,76,24.0,Rural,Negligence
INC1987,India,2016,540,58,853,163,342.37,39,6.3,Urban,Industrial Accident
INC1988,Russia,2011,1332,427,101,231,186.62,21,53.3,Urban,Wildfire
INC1989,India,2024,2908,167,370,637,159.7,73,33.8,Rural,Electrical Fault
INC1990,South Africa,2010,4737,77,757,634,432.78,66,33.0,Urban,Industrial Accident
INC1991,Canada,2008,1106,390,626,137,433.21,86,18.3,Urban,Negligence
INC1992,UK,2000,2073,455,47,469,211.3,86,57.7,Urban,Negligence
INC1993,South Africa,2009,830,233,494,131,13.36,3,2.1,Urban,Wildfire
INC1994,USA,2001,211,123,653,552,15.73,55,56.2,Rural,Electrical Fault
INC1995,Brazil,2007,3584,30,491,371,455.36,1,6.5,Rural,Electrical Fault
INC1996,Japan,2002,431,2,322,726,168.42,2,3.4,Urban,Negligence
INC1997,Germany,2023,2546,412,91,43,136.04,91,23.1,Rural,Negligence
INC1998,Japan,2000,352,275,896,613,186.0,32,21.0,Urban,Arson
INC1999,Australia,2017,4269,19,593,614,467.66,53,43.9,Urban,Electrical Fault
